{"cameraMode":{"drawMode":0,"name":"Shaded","section":"Shading Mode"},"sceneLighting":false,"audioPlay":false,"sceneViewState":{"showFog":false,"showMaterialUpdate":false,"showSkybox":false,"showFlares":false,"showImageEffects":false,"showParticleSystems":false},"in2DMode":false,"pivot":{"x":-2.32425856590271,"y":3.175197124481201,"z":-0.01171875},"rotation":{"x":-0.5386956334114075,"y":0.05601552873849869,"z":-0.035929031670093539,"w":-0.8398680686950684},"size":4.880973815917969,"orthographic":false}